User ID,Name,Email Address,Username,Date of Birth,Gender,Location,Membership Start Date,Membership End Date,Subscription Plan,Payment Information,Renewal Status,Usage Frequency,Purchase History,Favorite Genres,Devices Used,Engagement Metrics,Feedback/Ratings,Customer Support Interactions
1,Ronald Murphy,williamholland@example.com,williamholland,1953-06-03,Male,Rebeccachester,2024-01-15,2025-01-14,Annual,Mastercard,Manual,Regular,Electronics,Documentary,Smart TV,Medium,3.6,3
2,Scott Allen,scott22@example.org,scott22,1978-07-08,Male,Mcphersonview,2024-01-07,2025-01-06,Monthly,Visa,Manual,Regular,Electronics,Horror,Smartphone,Medium,3.8,7
3,Jonathan Parrish,brooke16@example.org,brooke16,1994-12-06,Female,Youngfort,2024-04-13,2025-04-13,Monthly,Mastercard,Manual,Regular,Books,Comedy,Smart TV,Low,3.3,8
4,Megan Williams,elizabeth31@example.net,elizabeth31,1964-12-22,Female,Feliciashire,2024-01-24,2025-01-23,Monthly,Amex,Auto-renew,Regular,Electronics,Documentary,Smart TV,High,3.3,7
5,Kathryn Brown,pattersonalexandra@example.org,pattersonalexandra,1961-06-04,Male,Port Deborah,2024-02-14,2025-02-13,Annual,Visa,Auto-renew,Frequent,Clothing,Drama,Smart TV,Low,4.3,1
6,Sandra Cox,gparks@example.org,gparks,1954-09-19,Female,Lake Johnathan,2024-01-15,2025-01-14,Monthly,Amex,Manual,Occasional,Books,Action,Tablet,Low,3.8,2
7,Benjamin Marshall,michaellewis@example.net,michaellewis,2003-02-09,Male,Carlsonchester,2024-04-08,2025-04-08,Monthly,Amex,Auto-renew,Frequent,Clothing,Sci-Fi,Tablet,Medium,4.4,10
8,James Smith,adrienne49@example.org,adrienne49,1946-10-04,Male,West Matthewborough,2024-02-16,2025-02-15,Monthly,Visa,Manual,Regular,Electronics,Horror,Smart TV,Medium,3.6,6
9,Bradley Green,brittany02@example.net,brittany02,1950-12-24,Female,Karenshire,2024-04-09,2025-04-09,Annual,Amex,Manual,Frequent,Electronics,Documentary,Smartphone,Medium,4.0,8
10,Kayla Hernandez,jessica53@example.net,jessica53,1963-06-16,Male,West Stephen,2024-03-10,2025-03-10,Monthly,Visa,Auto-renew,Frequent,Clothing,Drama,Tablet,High,4.9,6